                       Norm,                    Minimum,                    Maximum,                       Mean
        +1.246945279630e-01,        +0.000000000000e+00,        +2.804411564757e-03,        +1.134749288650e-04
