                       Norm,                    Minimum,                    Maximum,                       Mean
        +1.492360368187e-01,        +0.000000000000e+00,        +5.339144817157e-03,        +5.377715251154e-04
