                       Norm,                    Minimum,                    Maximum,                       Mean
        +1.322831605699e-01,        +0.000000000000e+00,        +4.085025940791e-03,        +2.321646015668e-04
