{
  "ElapsedTime": {
    "Counts": {
      "Adaptation": 0,
      "CoarseSolve": 1458,
      "Construction": 2,
      "DiskIO": 3,
      "Div.-FreeProjection": 0,
      "EigenvalueSolve": 0,
      "Estimation": 26,
      "FarFields": 0,
      "Gridfunction": 0,
      "Initialization": 2,
      "LinearSolve": 13,
      "MeshPreprocessing": 1,
      "OperatorConstruction": 1,
      "PROMConstruction": 35,
      "PROMSolve": 175,
      "Paraview": 0,
      "Postprocessing": 340,
      "Preconditioner": 1458,
      "Rebalancing": 0,
      "Setup": 13,
      "Solve": 26,
      "TimeStepping": 0,
      "Total": 1,
      "WavePorts": 0
    },
    "Durations": {
      "Adaptation": 0.0,
      "CoarseSolve": 59.33275069700001,
      "Construction": 1.0929637300000001,
      "DiskIO": 0.7506811760000001,
      "Div.-FreeProjection": 0.0,
      "EigenvalueSolve": 0.0,
      "Estimation": 0.22507163,
      "FarFields": 0.0,
      "Gridfunction": 0.0,
      "Initialization": 0.041002522000000007,
      "LinearSolve": 55.93338273200003,
      "MeshPreprocessing": 1.26895658,
      "OperatorConstruction": 23.014558543999996,
      "PROMConstruction": 0.8768647540000001,
      "PROMSolve": 0.5424410170000004,
      "Paraview": 0.0,
      "Postprocessing": 5.087498060999996,
      "Preconditioner": 515.1376754680005,
      "Rebalancing": 0.0,
      "Setup": 21.356949663,
      "Solve": 101.43079824,
      "TimeStepping": 0.0,
      "Total": 786.912979871,
      "WavePorts": 0.0
    }
  },
  "Excitations": [
    [
      [
        1,
        {
          "CurrentDipole": [],
          "LumpedPort": [
            1
          ],
          "SurfaceCurrent": [],
          "WavePort": []
        }
      ],
      [
        2,
        {
          "CurrentDipole": [],
          "LumpedPort": [
            2
          ],
          "SurfaceCurrent": [],
          "WavePort": []
        }
      ]
    ]
  ],
  "GitTag": "v0.15.0-98-g33b76abb",
  "LinearSolver": {
    "TotalIts": 1445,
    "TotalSolves": 13
  },
  "PeakMemoryMegabytes": {
    "Average": 371.93919270833334,
    "Max": 399.734375,
    "Min": 352.98828125,
    "Total": 11158.17578125
  },
  "PeakNodeMemoryMegabytes": {
    "Average": 11158.17578125,
    "Max": 11158.17578125,
    "Min": 11158.17578125,
    "Total": 11158.17578125
  },
  "Problem": {
    "DegreesOfFreedom": 886176,
    "MPISize": 30,
    "MeshElements": 122322,
    "MultigridDegreesOfFreedom": [
      176010,
      886176
    ]
  }
}
