                       Norm,                    Minimum,                    Maximum,                       Mean
        +1.198352832409e-01,        +0.000000000000e+00,        +3.326871455970e-03,        +2.234972949452e-04
