                       Norm,                    Minimum,                    Maximum,                       Mean
        +1.333756410346e-01,        +0.000000000000e+00,        +5.099860297405e-03,        +2.348497258340e-04
