{
    "ports": [
        {
            "portnumber": 1,
            "Z0": 50,
            "direction": "Z",
            "length": 5.6503,
            "width": 7.2,
            "xmin": 0.0,
            "xmax": 0.1,
            "ymin": -3.6,
            "ymax": 3.6,
            "zmin": 7.58,
            "zmax": 13.2303
        },
        {
            "portnumber": 2,
            "Z0": 50,
            "direction": "Z",
            "length": 5.6503,
            "width": 7.199999999999989,
            "xmin": 152.13,
            "xmax": 159.32999999999998,
            "ymin": 79.56500000000001,
            "ymax": 79.665,
            "zmin": 7.58,
            "zmax": 13.2303
        },
        {
            "portnumber": 3,
            "Z0": 50,
            "direction": "Z",
            "length": 5.6503,
            "width": 7.199999999999989,
            "xmin": 152.13000000000002,
            "xmax": 159.33,
            "ymin": -79.665,
            "ymax": -79.56500000000001,
            "zmin": 7.58,
            "zmax": 13.2303
        }
    ],
    "unit": 1e-06,
    "name": "palace_auto_sim"
}