                       Norm,                    Minimum,                    Maximum,                       Mean
        +1.212751856380e-01,        +0.000000000000e+00,        +5.186612536789e-03,        +2.230059732130e-04
