                       Norm,                    Minimum,                    Maximum,                       Mean
        +1.486320580539e-01,        +0.000000000000e+00,        +6.865545638094e-03,        +5.169568954081e-04
